code,system
G60X.00,readv2
Gyu6000,readv2
G62z.00,readv2
S620.00,readv2
S621.00,readv2
S627.00,readv2
S62..12,readv2
G606.00,readv2
G601.00,readv2
G60..00,readv2
G605.00,readv2
G61..00,readv2
G617.00,readv2
7004300,readv2
G61..11,readv2
G61X100,readv2
G668.00,readv2
G67..00,readv2
Gyu6100,readv2
G67y.00,readv2
Gyu6200,readv2
G64..13,readv2
G63..00,readv2
G65..00,readv2
G65zz00,readv2
G65y.00,readv2
G65z.00,readv2
S628.00,readv2
G623.00,readv2
G633.00,readv2
G618.00,readv2
G677400,readv2
G613.00,readv2
G664.00,readv2
G641000,readv2
F11x200,readv2
G669.00,readv2
G63y.00,readv2